<?xml version="1.0" encoding="UTF-8"?>
<!DOCTYPE mapper PUBLIC "-//mybatis.org//DTD Mapper 3.0//EN" "http://mybatis.org/dtd/mybatis-3-mapper.dtd">
<mapper namespace="com.kwon.dlbapm.dr.DRMapper">
	<delete id="delete" parameterType="com.kwon.dlbapm.dr.DRFile">
		delete from dlbapm_dataroom
		where dd_no = #{dd_no}
	</delete>
	<insert id="upload" parameterType="com.kwon.dlbapm.dr.DRFile">
		insert into dlbapm_dataroom
		values(dlbapm_dataroom_seq.nextval,
		#{dd_owner}, #{dd_title},
		#{dd_cate}, #{dd_file}, sysdate)
	</insert>
	<select id="getFile" parameterType="com.kwon.dlbapm.dr.DRFile"
		resultType="com.kwon.dlbapm.dr.DRFile">
		select *
		from dlbapm_dataroom
		where dd_cate = #{dd_cate}
		order by dd_when desc, dd_title
	</select>
	<select id="getFileByNo" parameterType="com.kwon.dlbapm.dr.DRFile"
		resultType="com.kwon.dlbapm.dr.DRFile">
		select *
		from dlbapm_dataroom
		where dd_no = #{dd_no}
	</select>
</mapper>







