<?xml version="1.0" encoding="UTF-8"?>
<beans:beans xmlns="http://www.springframework.org/schema/mvc"
	xmlns:xsi="http://www.w3.org/2001/XMLSchema-instance" xmlns:beans="http://www.springframework.org/schema/beans"
	xmlns:context="http://www.springframework.org/schema/context" xmlns:tx="http://www.springframework.org/schema/tx"
	xmlns:jdbc="http://www.springframework.org/schema/jdbc" xmlns:jee="http://www.springframework.org/schema/jee"
	xmlns:aop="http://www.springframework.org/schema/aop"
	xsi:schemaLocation="http://www.springframework.org/schema/jee http://www.springframework.org/schema/jee/spring-jee-3.1.xsd
		http://www.springframework.org/schema/jdbc http://www.springframework.org/schema/jdbc/spring-jdbc-3.0.xsd
		http://www.springframework.org/schema/aop http://www.springframework.org/schema/aop/spring-aop-3.1.xsd
		http://www.springframework.org/schema/mvc http://www.springframework.org/schema/mvc/spring-mvc.xsd
		http://www.springframework.org/schema/beans http://www.springframework.org/schema/beans/spring-beans-3.0.xsd
		http://www.springframework.org/schema/tx http://www.springframework.org/schema/tx/spring-tx-3.0.xsd
		http://www.springframework.org/schema/context http://www.springframework.org/schema/context/spring-context.xsd">

	<annotation-driven />
	<context:annotation-config />
	<tx:annotation-driven />
	<resources mapping="/resources/**" location="/resources/" />

	<beans:bean
		class="org.springframework.web.servlet.view.InternalResourceViewResolver">
		<beans:property name="prefix" value="/WEB-INF/views/" />
		<beans:property name="suffix" value=".jsp" />
	</beans:bean>

	<context:component-scan base-package="com.kwon.dlbapm" />

	<beans:bean id="dataSource" class="org.apache.commons.dbcp2.BasicDataSource">
		<beans:property name="driverClassName" value="oracle.jdbc.driver.OracleDriver" />
		<beans:property name="url"
			value="jdbc:oracle:thin:@192.168.0.81:1521:xe" />
		<beans:property name="username" value="kwon" />
		<beans:property name="password" value="kwon" />
	</beans:bean>

	<beans:bean id="transactionManager"
		class="org.springframework.jdbc.datasource.DataSourceTransactionManager">
		<beans:property name="dataSource" ref="dataSource" />
	</beans:bean>

	<beans:bean id="sqlSessionFactory" class="org.mybatis.spring.SqlSessionFactoryBean">
		<beans:property name="dataSource" ref="dataSource" />
		<beans:property name="typeAliasesPackage" value="com.kwon.dlbapm" />
		<beans:property name="mapperLocations">
			<beans:list>
				<beans:value>classpath:memberMapper.xml</beans:value>
				<beans:value>classpath:snsMapper.xml</beans:value>
				<beans:value>classpath:drMapper.xml</beans:value>
				<beans:value>classpath:galleryMapper.xml</beans:value>
			</beans:list>
		</beans:property>
	</beans:bean>

	<beans:bean id="sqlSession" class="org.mybatis.spring.SqlSessionTemplate">
		<beans:constructor-arg name="sqlSessionFactory"
			ref="sqlSessionFactory" />
	</beans:bean>

	<beans:bean id="so" class="com.kwon.dlbapm.SiteOption">
		<beans:property name="snsMsgPerPage" value="5"></beans:property>
	</beans:bean>
	
</beans:beans>



